Workbook

Sheet Carta Gantt
B2: Carta Gantt — Proyecto SkateClub
B3: itería SYSTEMS · Estudio GrindOps — CAPSTONE PTY4614 — Duoc UC, sede Plaza Norte — 2026-2
B5: Fecha de inicio Semana 1 (lunes): | E5: 46244 | I5: ← única celda a editar si cambia el calendario oficial
B6: Semana actual (hoy): | E6: 7 | I6: ← actualizar cada semana para mover el marcador HOY
B9: Actividad / Sprint | C9: 1 | D9: 2 | E9: 3 | F9: 4 | G9: 5 | H9: 6 | I9: 7 | J9: 8 | K9: 9 | L9: 10 | M9: 11 | N9: 12 | O9: 13 | P9: 14 | Q9: 15 | R9: 16 | S9: 17 | T9: 18
B10: (inicio semana → lunes) | C10: =$E$5+(1-1)*7 -> 46244 | D10: =$E$5+(2-1)*7 -> 46251 | E10: =$E$5+(3-1)*7 -> 46258 | F10: =$E$5+(4-1)*7 -> 46265 | G10: =$E$5+(5-1)*7 -> 46272 | H10: =$E$5+(6-1)*7 -> 46279 | I10: =$E$5+(7-1)*7 -> 46286 | J10: =$E$5+(8-1)*7 -> 46293 | K10: =$E$5+(9-1)*7 -> 46300 | L10: =$E$5+(10-1)*7 -> 46307 | M10: =$E$5+(11-1)*7 -> 46314 | N10: =$E$5+(12-1)*7 -> 46321 | O10: =$E$5+(13-1)*7 -> 46328 | P10: =$E$5+(14-1)*7 -> 46335 | Q10: =$E$5+(15-1)*7 -> 46342 | R10: =$E$5+(16-1)*7 -> 46349 | S10: =$E$5+(17-1)*7 -> 46356 | T10: =$E$5+(18-1)*7 -> 46363
B11: Fase 1 · Definición del Proyecto
B12: Sprint 0 · Preparación (ERS, backlog, arquitectura)
B13: Sprint 1 · Usuarios y autenticación base
B14: Sprint 2 · Spots y mapa
B15: Sprint 3 · Comunidad social y mensajería
B16: Sprint 4 · Eventos y gamificación
B17: Sprint 5 · Recompensas y administración
B18: Sprint 6 · Seguridad y calidad
B19: Sprint 7 · Estabilización y documentación
B20: Buffer y cierre — Informe Final Fase 2
B21: Fase 3 · Presentación a comisión
B22: Hitos de evaluación | F22: ◆ | L22: ◆ | Q22: ◆ | T22: ◆
B24: Leyenda
C25: Completado
C26: En curso
C27: Planificado
C28: Semana actual
B29: ◆ | C29: Hito de evaluación (pasar el mouse para ver detalle)
B31: Supuestos de planificación:
B32: • Fechas base tomadas del cronograma oficial PTY4614 (Semana 1 = lunes 10-08-2026).
B33: • Sprint 0 (preparación: ERS, backlog, plan de sprints) se ejecutó en las semanas 5-6, en paralelo al cierre de Fase 1.
B34: • Los Sprints 2 a 7 se comprimieron a 1 semana cada uno (desde 2 semanas del plan original) porque gran parte de esas funcionalidades ya existen en producción: el trabajo real es formalizar, asegurar y documentar, no construir desde cero.
B35: • La semana 15 queda como buffer de estabilización y entrega del Informe Final de Fase 2, coincidiendo con la evaluación oficial de esa semana.
B36: • Actualiza la celda E6 cada semana para mover el marcador de 'semana actual' sin tener que editar el resto de la carta.

Sheet Detalle de Sprints
B2: Detalle de Sprints — Proyecto SkateClub
B3: Fechas calculadas automáticamente desde la fecha de inicio definida en la hoja 'Carta Gantt' (celda E5).
B5: Sprint | C5: Objetivo | D5: Épicas cubiertas | E5: Semanas | F5: Inicio | G5: Término | H5: Estado
B6: Fase 1 · Definición | C6: Definir visión, problema, objetivos y alcance del proyecto. | D6: — | E6: 1-4 | F6: ='Carta Gantt'!$E$5+(1-1)*7 -> 46244 | G6: ='Carta Gantt'!$E$5+(4-1)*7+6 -> 46271 | H6: Completado
B7: Sprint 0 · Preparación | C7: Dejar bases de trabajo: ERS, backlog priorizado y plan de sprints. | D7: Transversal | E7: 5-6 | F7: ='Carta Gantt'!$E$5+(5-1)*7 -> 46272 | G7: ='Carta Gantt'!$E$5+(6-1)*7+6 -> 46285 | H7: Completado
B8: Sprint 1 · Usuarios y autenticación | C8: Permitir registro, verificación, login seguro y perfil inicial. | D8: EP-01 | E8: 7-8 | F8: ='Carta Gantt'!$E$5+(7-1)*7 -> 46286 | G8: ='Carta Gantt'!$E$5+(8-1)*7+6 -> 46299 | H8: En curso
B9: Sprint 2 · Spots y mapa | C9: Construir el núcleo geográfico: crear, buscar y calificar spots. | D9: EP-02 | E9: 9 | F9: ='Carta Gantt'!$E$5+(9-1)*7 -> 46300 | G9: ='Carta Gantt'!$E$5+(9-1)*7+6 -> 46306 | H9: Planificado
B10: Sprint 3 · Comunidad social | C10: Habilitar feed, interacción social, mensajería y amistades. | D10: EP-03, EP-04 | E10: 10 | F10: ='Carta Gantt'!$E$5+(10-1)*7 -> 46307 | G10: ='Carta Gantt'!$E$5+(10-1)*7+6 -> 46313 | H10: Planificado
B11: Sprint 4 · Eventos y gamificación | C11: Aumentar participación mediante eventos, duelos y ranking. | D11: EP-05, EP-06 | E11: 11 | F11: ='Carta Gantt'!$E$5+(11-1)*7 -> 46314 | G11: ='Carta Gantt'!$E$5+(11-1)*7+6 -> 46320 | H11: Planificado
B12: Sprint 5 · Recompensas y administración | C12: Implementar economía de puntos, canje QR y panel admin. | D12: EP-07, EP-08 | E12: 12 | F12: ='Carta Gantt'!$E$5+(12-1)*7 -> 46321 | G12: ='Carta Gantt'!$E$5+(12-1)*7+6 -> 46327 | H12: Planificado
B13: Sprint 6 · Seguridad y calidad | C13: Cerrar riesgos críticos: auth real por token, autorización admin, pruebas negativas. | D13: EP-09 | E13: 13 | F13: ='Carta Gantt'!$E$5+(13-1)*7 -> 46328 | G13: ='Carta Gantt'!$E$5+(13-1)*7+6 -> 46334 | H13: Planificado
B14: Sprint 7 · Estabilización y documentación | C14: Cerrar bugs, manuales, evidencia y preparar demo. | D14: EP-10 | E14: 14 | F14: ='Carta Gantt'!$E$5+(14-1)*7 -> 46335 | G14: ='Carta Gantt'!$E$5+(14-1)*7+6 -> 46341 | H14: Planificado
B15: Buffer · Informe Final Fase 2 | C15: Consolidar informe final y evidencias para la evaluación de cierre. | D15: — | E15: 15 | F15: ='Carta Gantt'!$E$5+(15-1)*7 -> 46342 | G15: ='Carta Gantt'!$E$5+(15-1)*7+6 -> 46348 | H15: Planificado
B16: Fase 3 · Presentación | C16: Exponer el proyecto ante la comisión evaluadora. | D16: — | E16: 16-18 | F16: ='Carta Gantt'!$E$5+(16-1)*7 -> 46349 | G16: ='Carta Gantt'!$E$5+(18-1)*7+6 -> 46369 | H16: Planificado

Sheet Backlog (Épicas)
B2: Backlog — Épicas del Proyecto SkateClub
B3: Detalle completo de historias de usuario en el documento 03_backlog_historias_usuario.md del repositorio.
B5: Código | C5: Épica | D5: Descripción | E5: Sprint principal | F5: N.° HDU
B6: EP-01 | C6: Gestión de usuarios y autenticación | D6: Registro, login, recuperación, sesión segura y perfil. | E6: Sprint 1 | F6: 5
B7: EP-02 | C7: Spots y mapa | D7: Creación, búsqueda, calificación y visualización de spots. | E7: Sprint 2 | F7: 3
B8: EP-03 | C8: Comunidad social | D8: Feed, publicaciones, comentarios, likes y perfiles públicos. | E8: Sprint 3 | F8: 2
B9: EP-04 | C9: Mensajería y relaciones | D9: Mensajes privados y amistades. | E9: Sprint 3 | F9: 2
B10: EP-05 | C10: Retos y gamificación | D10: Duelos, puntos, ranking, insignias y minijuego. | E10: Sprint 4 | F10: 3
B11: EP-06 | C11: Eventos | D11: Creación, asistencia, preguntas y detalle de eventos. | E11: Sprint 4 | F11: 2
B12: EP-07 | C12: Recompensas y locales | D12: Canje de puntos, QR, validación y gestión de premios. | E12: Sprint 5 | F12: 2
B13: EP-08 | C13: Administración | D13: Panel admin, gestión de contenido y roles. | E13: Sprint 5 | F13: 2
B14: EP-09 | C14: Seguridad y calidad | D14: Autenticación real, pruebas, CI, observabilidad y hardening. | E14: Sprint 6 | F14: 3
B15: EP-10 | C15: Despliegue y documentación | D15: Entornos, deploy, manuales y evidencia académica. | E15: Sprint 7 | F15: 2
C16: Total historias de usuario | F16: =SUM(F6:F15) -> 26
